question,category,options,answer,explanation
食道アカラシアについて正しいものはどれか。,臨床,a.ヘリコバクター・ピロリ菌感染との関連が強い|b.食道造影検査で拡張型と紡錘型を分類する|c.食道バルーン拡張の適応である|d.食道内圧検査が有用である|e.下部食道括約筋圧の低下が原因である,c,食道アカラシアの治療には薬物療法、内視鏡的バルーン拡張術、POEM（経口内視鏡的筋層切開術）、外科手術がある。病態は下部食道括約筋（LES）の弛緩不全（圧の上昇）であり、ピロリ菌との関連はない。
胃癌について間違いはどれか。,臨床,a.フソバクテリウムと関連がある|b.萎縮性胃炎と関連がある|c.男性より女性に多い|d.早期胃癌の診断には色素散布が有用である|e.早期胃癌の診断にヨード染色が有用である,e,ヨード染色は食道（扁平上皮）の病変診断に用いられる。胃癌はピロリ菌感染による萎縮性胃炎との関連が強く、男性に多い。フソバクテリウムは大腸癌との関連が示唆されているが、口腔内常在菌であり消化器癌全体での関連も研究されている。
75歳の男性。心筋梗塞後でバイアスピリンとワーファリン内服中。総胆管結石胆管炎で緊急内視鏡的胆道ドレナージ術を施行する。準備する必要がないものはどれか。,処置,a.内視鏡的経鼻胆管ドレナージチューブあるいは胆管ステント|b.パピロトームと高周波装置|c.点滴|d.造影用カテーテル|e.鎮静薬,b,胆管炎に対する第一選択は内視鏡的胆道ドレナージである。パピロトーム（EST用ナイフ）はEST（内視鏡的乳頭括約筋切開術）を行うための器具だが、抗血栓薬2剤内服中のため出血リスクが高く、ESTは避けてドレナージチューブ留置のみを行うべきである。
ERCP後膵炎に対して内視鏡的硬化療法が禁忌なのはどれか。,処置,a.肝性脳症IV度|b.T-Bil 2.0mg/dl|c.血小板 5万/μl|d.血清アルブミン 3.0g/dl|e.（１）、（２）,a,（解説文脈より食道静脈瘤硬化療法EISの禁忌を問う問題の可能性が高いが、ソースの設問に従う）重篤な肝障害（肝性脳症、黄疸、腹水等）やDICなどは硬化療法の禁忌となる。
下記のなかで最も口側に存在するのはどれか。,基礎,a.Cecum|b.Duodenum|c.Ileum|d.Jejunum|e.Rectum,b,a:盲腸、b:十二指腸、c:回腸、d:空腸、e:直腸。解剖学的に口側に最も近いのは十二指腸である。
内視鏡の洗浄・消毒について正しいのはどれか。,管理,a.内視鏡洗浄・消毒の前に感染を調べておく|b.使用後の内視鏡は、すでに内視鏡シンクに持っていければベッドサイド洗浄の必要はない|c.グルタラール製剤は濃度が保たれていればいつまでも使用可能である|d.内視鏡洗浄機の消毒は、感染源なので消毒をおこなくてよい|e.強酸性水は内視鏡の消毒として使用されている,e,使用後の内視鏡は、乾燥を防ぐため直ちにベッドサイドで酵素洗剤吸引・送気送水を行う（プレクリーニング）。グルタラールには使用期限がある。強酸性水は一部で使用されているが認可された高水準消毒薬の使用が推奨される。
内視鏡的進行性胆管審査造影法関連手技において避けるべき手技と、その偶発症の組み合わせについて、誤っているものはどれか。,処置,a.黒色便……内視鏡的乳頭括約筋切開術（出血）|b.発熱……胆管造影（胆管炎）|c.高熱……胆管炎|d.背部痛……内視鏡的乳頭括約筋切開術（穿孔）|e.黄疸……内視鏡的乳頭部切除,e,内視鏡的乳頭切除術（パピレクトミー）などにより胆管出口が狭窄・閉塞すれば黄疸をきたすが、「避けるべき手技」という文脈では偶発症との対応を問うている。出血なら黒色便、穿孔なら背部痛、胆管炎なら発熱・黄疸などが生じる。
消化管について誤りはどれか。,基礎,a.胃体部の筋層は外縦・中輪・内斜筋の3層からなる|b.胃は穹窿部・胃体部・胃角部・前庭部の順で並んでいる|c.小腸は十二指腸・空腸・回腸からなり、6～7mの長さがある|d.S状結腸は後腹膜腔に存在する|e.肝弯曲は右腎前面に接する,d,S状結腸は腹膜内器官であり腸間膜を有する。後腹膜腔に存在するのは十二指腸（球部除く）、上行結腸、下行結腸、直腸の一部である。
膵臓のランゲルハンス島から分泌されるホルモンで正しいのはどれか。,基礎,a.インスリン|b.グルカゴン|c.ソマトスタチン|d.アドレナリン|e.コレシストキニン,a,膵臓のランゲルハンス島からは、A細胞（グルカゴン）、B細胞（インスリン）、D細胞（ソマトスタチン）などが分泌される。アドレナリンは副腎髄質、コレシストキニンは小腸から分泌される。
腫瘍マーカーについて正しいものはどれか。,臨床,a.NSEは神経内分泌細胞由来の腫瘍で大量に産生される|b.SCCは腺癌の腫瘍マーカーとして用いる|c.CEAは早期癌の発見に有用である|d.CA19-9は膵癌特異性が高い|e.DUPAN-2は消化器癌、特に膵癌・胆道癌に対して鋭敏である,a&e,SCCは扁平上皮癌のマーカー。CEAは腺癌のマーカーだが早期発見には不向き。CA19-9は膵癌・胆道癌で上昇するが特異性はそれほど高くない。NSEは小細胞癌や神経内分泌腫瘍で上昇する。
抗血栓薬服用中の消化器内視鏡検査において基礎疾患について問診で確認が必要である。誤っている対応はどれか。,薬理,a.バイアスピリン内服中に生検は可能である|b.ワルファリンカリウムは3～4日間、アスピリンは3日間、チクロピジン塩酸塩は5日間の休薬がなされていることを確認して生検する|c.アスピリン、アスピリン以外の抗血小板薬、抗凝固薬のいずれか1剤を服用している場合は、休薬なしで生検してよい|d.クロピドグレル硫酸塩内服中に生検・出血なしを確認する,b,ガイドラインでは、アスピリンなどの抗血小板薬単剤、あるいはワルファリンなどの抗凝固薬単剤であれば、休薬なしで生検を行うことが許容されている（出血リスクは低いとされる）。休薬期間を設けるという記述は古いか誤り。
血液検査で貧血が見られた。貧血の原因となる疾患はどれか。,臨床,a.本態性血小板血症|b.血小板減少性紫斑病|c.肝硬変症|d.播種性血管内凝固症候群|e.溶血性尿毒症症候群,c,肝硬変では門脈圧亢進による脾機能亢進症で血小板減少や貧血（消化管出血含む）をきたす。
次の組み合わせのうち誤っているものはどれか。,臨床,a.acute cholecystitis - 急性胆嚢炎|b.pancreatic cancer - 膵臓癌|c.gallbladder polyp - 胆嚢ポリープ|d.primary biliary cholangitis - 原発性胆汁性肝硬変（PBC）|e.primary sclerosing cholangitis - 原発性硬化性胆管炎（PSC）,d,Primary Biliary Cholangitisの日本語訳は現在「原発性胆汁性胆管炎」に変更されている（以前は肝硬変と言われていた）。
鎮静に用いるベンゾジアゼピン系薬物の拮抗薬として正しいものはどれか。,薬理,a.ミダゾラム|b.ペンタゾシン塩酸塩|c.プロポフォール|d.フルマゼニル|e.ジアゼパム,d,ベンゾジアゼピン系（ミダゾラム等）の拮抗薬はフルマゼニル（アネキセート）である。ナロキソンはオピオイド拮抗薬。
接触感染対策（手指衛生、ガウン、手袋）が必要な病原体はどれか。,管理,a.結核菌|b.インフルエンザウイルス|c.麻疹ウイルス|d.多剤耐性緑膿菌|e.風疹ウイルス,d,多剤耐性菌やクロストリディオイデス・ディフィシル、ノロウイルスなどは接触感染対策が必要。結核・麻疹は空気感染、インフルエンザ・風疹は飛沫感染対策が主となる。
医療面接（インフォームド・コンセント）について正しいのはどれか。,管理,a.患者の自己決定権を尊重する|b.専門用語を多用して説明する|c.家族の同意があれば本人の同意は不要|d.看護師が主体となって行う|e.一度同意したら撤回できない,a,患者が十分に理解できるよう平易な言葉で説明し、患者自身の自由な意思決定（自己決定権）を支援・尊重するのが基本である。
早期胃癌の深達度診断で正しいのはどれか。,臨床,a.粘膜内癌は通常200倍程度の拡大観察で識別可能である|b.カプセル内視鏡は食道から小腸までの拡大内視鏡観察が可能である|c.電子内視鏡はCCDカメラからグラスファイバーを束ねて画像が伝送される|d.細径内視鏡は送気・送水チャンネルから挿入する|e.通常の拡大内視鏡は最大で約135倍（32インチモニター上）の高解像度拡大画像を得ることができる,e,最新の拡大内視鏡は光学ズームにより高倍率（80〜100倍以上）の観察が可能。カプセル内視鏡は拡大機能を持たない（一部を除く）。
小児内視鏡について正しいものはどれか。,管理,a.内視鏡的逆行性胆管膵管造影法（ERCP）は禁忌である|b.鎮静の内服薬を使用する|c.成人と比較して先天性疾患の割合が多い|d.家族への十分なインフォームドコンセントが重要である|e.全身麻酔の使用は禁忌である,c&d,小児では先天性胆道拡張症などの先天性疾患に対しERCPを行うことがあるため禁忌ではない。鎮静や全身麻酔は必要に応じて行われる。家族（保護者）へのICが必須。
内視鏡的粘膜切除術（EMR）について正しいものはどれか。,処置,a.生理食塩水あるいはヒアルロン酸ナトリウムなどを粘膜下層に局注する|b.大腸で術中穿孔率は5%程度である|c.スネアで病変を絞扼し高周波電源を用いて切除する|d.Non-lifting signを呈する粘膜内病変や潰瘍形成病変では手技が困難である|e.すべて,a&c&d,EMRは粘膜下層に生理食塩水等を注入して病変を浮き上がらせ、スネアで絞扼・通電切除する。Non-lifting sign（挙上しない）は深部浸潤や線維化を示唆しEMR困難・禁忌となる。
ERCPに関連する偶発症として、最も多いのが急性膵炎で、他に出血、穿孔、急性胆管炎などがある。誤っているものはどれか。,処置,a.高熱は誤嚥性肺炎の症状である|b.発熱は胆管炎の症状である|c.背部痛は内視鏡的乳頭括約筋切開術後穿孔の症状である|d.腹痛・圧痛、X線撮影にて右腎周囲などの腹腔内にfree airが確認できる|e.黄疸は内視鏡的胆道ドレナージ後の閉塞症状である,a,高熱は胆管炎でも生じる。誤嚥性肺炎でも発熱するが、ERCP偶発症としての高熱＝胆管炎が最も典型的。選択肢の中で明らかに誤り（または他より可能性が低い）を選ぶなら文脈によるが、ここでは解説に基づき判断する。
腹腔鏡・内視鏡合同手術（LECS）について正しいものはどれか。,処置,a.腹腔鏡と内視鏡を併用して胃を部分切除する|b.5cm以下の胃粘膜下腫瘍が適応である|c.内視鏡医による胃内からのアプローチと外科医による腹腔鏡下手術のハイブリッド手術であり全身麻酔下で行う|d.過剰な切除を避けるために考案された手術方法である|e.すべて,e,LECS（Laparoscopic and Endoscopic Cooperative Surgery）は、内視鏡と腹腔鏡を併用し、必要最小限の切除で胃の機能を温存する術式で、主にGISTなどの粘膜下腫瘍に対し行われる。
消化管出血の止血に使用するものはどれか。,処置,a.把持鉗子|b.トロンビン|c.クリップ|d.グリセオール|e.すべて,e,物理的止血（クリップ）、薬剤散布（トロンビン）、薬剤局注（グリセオール等の硬化剤）、把持鉗子（異物除去等や圧迫）などが状況に応じて使用される。
超音波内視鏡下穿刺吸引法（EUS-FNA）に使用する処置具はどれか。,処置,a.パピロトーム|b.スネア|c.穿刺針（FNAニードル）|d.バルーン|e.バスケット鉗子,c,EUS-FNAは超音波ガイド下に穿刺針を用いて組織・細胞を採取する手技である。パピロトームはEST、スネアはポリープ切除に用いる。
60代男性。アルコール性肝硬変で加療中。突然吐血を繰り返して緊急搬送された。救急隊からの情報では、意識消失で全身状態は落ち着いていること、緊急上部消化管内視鏡検査を施行する可能性が高い。内視鏡室しておく必要のないものはどれか。,臨床,a.内視鏡的結紮デバイス（EVL）|b.モニター|c.オーバーチューブ|d.経口腸管洗浄剤|e.二酸化炭素送気装置,d,吐血（食道静脈瘤破裂疑い）の緊急内視鏡において、腸管洗浄剤（下剤）は不要かつ誤嚥のリスクがあり禁忌に近い。止血デバイスや気道確保具、CO2送気は準備すべき。
胆道・膵臓について誤っているものはどれか。,基礎,a.Vater乳頭は十二指腸下行部に存在する|b.総胆管の太さは、正常では直径10-15mmである|c.総肝管と胆嚢管が合流して総胆管となる|d.胆嚢は肝臓の下面に付着している|e.膵臓は、上腸間膜静脈の左側までを膵頭部という,b,総胆管の正常径は7mm前後（〜10mm未満）であり、10-15mmは拡張とみなされる。Vater乳頭は下行部、膵頭部は上腸間膜静脈の右側である。
胆嚢の収縮に関わるホルモンはどれか。,基礎,a.コレシストキニン・パンクレオザイミン（CCK-PZ）|b.インスリン|c.グルカゴン|d.エストロゲン|e.ガストリン,a,CCK（コレシストキニン）は十二指腸・空腸のI細胞から分泌され、胆嚢収縮と膵酵素分泌を促進する。
胃底腺を構成する細胞と分泌物の組み合わせで正しいものはどれか。,基礎,a.主細胞……ペプシノーゲン|b.壁細胞……粘液|c.壁細胞……リパーゼ|d.副細胞……塩酸|e.G細胞……ガストリン,a,主細胞はペプシノーゲン、壁細胞は塩酸（胃酸）と内因子、副細胞は粘液、G細胞はガストリンを分泌する。
膵癌のリスクファクターとして正しいものはどれか。,臨床,a.膵癌の家族歴|b.糖尿病|c.慢性膵炎|d.喫煙、大量飲酒|e.すべて,e,膵癌診療ガイドラインにおいて、家族歴、糖尿病、慢性膵炎、喫煙、肥満などは膵癌のリスクファクターとして挙げられている。
鎮静剤に関する記述のもので正しいものはどれか。,薬理,a.ミダゾラムで呼吸抑制は起こらない|b.ミダゾラムの拮抗薬としてフルマゼニルが使用される|c.デクスメデトミジン塩酸塩に拮抗する薬剤としてアチパメゾールがある|d.プロポフォールは拮抗する薬剤としてフルマゼニルが使用される|e.すべての鎮静薬に拮抗薬がある,b,ミダゾラム（ベンゾジアゼピン系）の拮抗薬はフルマゼニルである。プロポフォールには拮抗薬がない。ミダゾラムは呼吸抑制のリスクがある。
小腸用カプセル内視鏡検査について誤りはどれか。,機器,a.患者の苦痛は蠕動運動シングルユースである|b.小腸開通性が不明であり行うことはできない|c.検査中安静の必要はない|d.パテンシーカプセルを使用する|e.カプセルは回収して再利用する,e,カプセル内視鏡はディスポーザブル（使い捨て）であり、再利用はしない。パテンシーカプセルで開通性を確認後に施行する。
食道アカラシアの診断・検査について正しいものはどれか。,臨床,a.食道内圧検査|b.経鼻食道内視鏡検査|c.上部消化管内視鏡検査|d.食道造影検査|e.すべて,e,アカラシアの診断には、食道造影（鳥の嘴像）、内視鏡（拡張・液体貯留）、食道内圧検査（LES弛緩不全の証明）などが用いられる。
胃潰瘍の分類には、「山田分類」が用いられる。,臨床,a.正しい|b.誤り（崎田・三輪分類）|c.誤り（F分類）|d.誤り（Borrmann分類）|e.誤り（Child-Pugh分類）,b,胃潰瘍の病期分類には「崎田・三輪分類（A、H、S期）」が用いられる。山田分類は胃ポリープ、Borrmann分類は進行胃癌の分類である。
色素内視鏡検査について正しい記述はどれか。,臨床,a.カルジオブルーで食道癌が染色される|b.インジゴカルミンで腺上皮が黒色に染色される|c.酢酸の散布によって腺窩開口部が明瞭化される|d.胃壁にコンゴーレッドを散布すると、胃酸の分泌がある部位が赤く染まる|e.拡大観察の際には色素散布は不要である,c,インジゴカルミンはコントラスト法（溜まり）であり染まらない。コンゴーレッドは胃酸と反応して黒変する。酢酸は粘膜の蛋白を変性させ表面構造（ピット）を明瞭化する（AIM）。
食道について正しい記述はどれか。,基礎,a.食道は気管の前方に位置する|b.食道には漿膜が存在する|c.食道下部は腹膜に覆われている|d.食道内腔は単層円柱上皮で覆われている|e.成人での全長は約25cmである,e,食道は気管の後方に位置し、漿膜を欠く（外膜のみ）。食道粘膜は重層扁平上皮である。全長は約25cm。
内視鏡的逆行性胆管膵管造影検査（ERCP）の危険因子として正しいものはどれか。,処置,a.膵原性腹水|b.女性|c.プレカット|d.Oddi筋機能不全|e.肥満,b&c&d,ERCP後膵炎のリスク因子として、女性、若年者、Oddi筋機能不全、プレカット（手技関連）などが知られている。肥満は直接のリスクではない。
胆管合流異常について誤っているものはどれか。,臨床,a.先天性の疾患である|b.男女比は約1:3で若年女性に多く見られる|c.膵管合流部での胆道拡張の好発年齢は60～70歳である|d.内視鏡的逆行性胆管膵管造影は診断に有用である|e.健常人と比較して胆管結石を合併しやすい,c,先天性胆道拡張症（膵胆管合流異常）は小児期〜若年期に発見されることが多く、好発年齢が60-70歳というのは誤り（胆石等は高齢に多いが先天異常は若年）。胆道癌のリスクが高い。
プレカットはERCP後膵炎の手技的危険因子である。,処置,a.正しい|b.誤り|c.関係ない|d.予防因子である|e.不明,a,プレカット（予備切開）は、通常の挿管困難例に行われる手技であり、膵管への熱侵襲や浮腫を引き起こしやすく、ERCP後膵炎のリスク因子となる。
大腸コールドポリペクトミーについて、正しいものはどれか。,処置,a.抗血小板薬は休薬する必要がある|b.鎮静が必要である|c.ペースメーカーが植え込まれている場合も施行可能である|d.通電が必要である|e.冷凍凝固は必要ない,c&e,Cold Polypectomy（CSP）は高周波通電を行わないため、ペースメーカーへの影響がなく、抗血栓薬服用者でも出血リスクが低いため休薬なしで施行可能な場合が多い。冷凍凝固は行わない。
内視鏡的乳頭括約筋切開術について正しい記述はどれか。,処置,a.偶発症として膵炎がある|b.早期偶発症として総胆管結石再発が挙げられる|c.胆管癌が口側胆管に及ぶ|d.高周波装置は自動制御可能な切開モードが主流である|e.切開方向は11時〜12時方向である,a&d&e,ESTの偶発症には出血、穿孔、膵炎がある。結石再発は晩期偶発症。切開方向は乳頭の11-12時方向が安全域とされる。
食道静脈瘤の所見として、赤色所見（red color sign）RC3の所見はどれか。,臨床,a.発赤所見なし|b.線状の発赤（Red wale marking）|c.血豆様発赤（Cherry red spot）|d.全周性の発赤|e.結合織性被膜,d,RCサインの重症度分類において、RC0はなし、RC1は限局性、RC2は全周性でない散在性、RC3は全周性の赤色所見を指す（取り扱い規約によるが、選択肢から全周性が最も重度）。
内視鏡的止血法において正しい効果判定はどれか。,処置,a.直腸からびまん性出血に圧迫法は効果的である|b.動脈性出血には圧迫止血の第一選択である|c.高周波焼灼術は熱凝固法である|d.組織接着法がクリップ法に比べ大きい|e.止血鉗子は再出血予防に有効である,c,高周波凝固やAPCは熱凝固法に分類される。びまん性出血には圧迫やAPC、動脈性にはクリップや高周波鉗子が用いられる。
大腸ステントを挿入するための適応として正しいものはどれか。,処置,a.良性疾患による狭窄|b.悪性腫瘍による閉塞症状の緩和（BTS/Palliative）|c.穿孔を伴う閉塞|d.腹膜炎のある症例|e.予防的留置,b,大腸ステントは、大腸癌などの悪性腫瘍による閉塞症状の緩和（姑息的治療）や、手術までの待機期間の減圧（BTS: Bridge to Surgery）に適応となる。良性狭窄や穿孔例は原則禁忌。
感染性心内膜炎の予防として、抜歯や内視鏡的処置の際に抗菌薬投与を推奨する対象疾患はどれか。,管理,a.人工弁置換術後|b.チアノーゼ性先天性心疾患|c.感染性心内膜炎の既往|d.心臓移植後の弁膜症|e.すべて,e,循環器学会ガイドライン等では、人工弁、感染性心内膜炎の既往、未修復の先天性短絡性心疾患（チアノーゼ性）などは高リスク群とされ、出血を伴う処置の際に予防的抗菌薬投与が推奨される。
アルゴンプラズマ凝固法について誤りはどれか。,機器,a.対極板を必要とする|b.非接触で広い面を深く凝固できる|c.レーザー発生装置は用いない|d.毛細血管拡張症に有用である|e.専用のプローブが必要である,b,APCは「浅く」均一に凝固できるのが特徴であり、深く凝固して穿孔するリスクが低い。モノポーラなので対極板は必要。
小腸で消化吸収される栄養素のうち、胸管を通って輸送されるのはどれか。,基礎,a.アミノ酸|b.中性脂肪（脂肪酸）|c.ブドウ糖|d.電解質|e.水溶性ビタミン,b,脂肪（中性脂肪）は分解後、リンパ管（乳び管）に入り、胸管を経て静脈角から血液中に合流する。糖やアミノ酸は門脈を通って肝臓へ行く。
次のうち非上皮性腫瘍はどれか。2つ選べ。,臨床,a.食道乳頭腫|b.悪性リンパ腫|c.大腸癌|d.胃腺腫|e.消化管間質腫瘍（GIST）,b&e,癌や腺腫、乳頭腫は上皮性腫瘍（粘膜表面から発生）。GIST、悪性リンパ腫、平滑筋腫などは非上皮性腫瘍（粘膜下層以下の組織から発生）である。
抗血栓薬のうち直接作用型経口抗凝固薬（DOAC）はどれか。,薬理,a.アスピリン|b.エドキサバン|c.クロピドグレル|d.ワルファリンカリウム|e.イコサペント酸エチル,b,エドキサバン、リバーロキサバン、ダビガトランなどはDOAC。アスピリン、クロピドグレルは抗血小板薬。ワルファリンはビタミンK拮抗薬。
胃潰瘍について誤りはどれか。,基礎,a.胃潰瘍は消化性潰瘍に含まれる|b.ヘリコバクター・ピロリ菌との関連性がある|c.進行胃癌は胃内視鏡的粘膜下層剥離術の適応である|d.喫煙と関連性がある|e.非ステロイド性抗炎症薬（NSAIDs）の合併症として消化性潰瘍がある,c,進行胃癌（筋層以深への浸潤）は内視鏡治療（ESD）の適応外であり、外科手術が必要。ESDはリンパ節転移のない早期癌が適応。
閉塞性黄疸が高値になる。特に、悪性度の高い腫瘍閉塞ではその傾向が強い。関連する検査値はどれか。,臨床,a.急性閉塞性化膿性胆管炎|b.下部胆管癌|c.膵頭部癌|d.肝硬変|e.直接ビリルビン,e,閉塞性黄疸では胆汁排泄障害により「直接ビリルビン」が優位に上昇する。疾患名ではなく検査項目を問うているならビリルビン。
血小板数が低下する疾患はどれか。,臨床,a.本態性血小板血症|b.血小板減少性紫斑病（ITP）|c.播種性血管内凝固症候群（DIC）|d.溶血性尿毒症症候群（HUS）|e.肝硬変,b&c&d&e,ITP、DIC、HUS、肝硬変（脾機能亢進）はいずれも血小板減少をきたす。本態性血小板血症は血小板が増加する。
鎮静鎮痛、鎮痙薬と拮抗薬の組み合わせで誤っているものはどれか。,薬理,a.ミダゾラム --- フルマゼニル|b.ペチジン塩酸塩 --- ナロキソン塩酸塩|c.プロポフォール --- なし|d.デクスメデトミジン塩酸塩 --- フルマゼニル|e.ジアゼパム --- フルマゼニル,d,デクスメデトミジンの拮抗薬はアチパメゾール（※本邦未承認の場合もあるがフルマゼニルではない）。フルマゼニルはベンゾジアゼピン系（ミダゾラム、ジアゼパム）の拮抗薬。
スポルディング分類について正しいのはどれか。,管理,a.低水準消毒は高水準消毒より強力である|b.消化器内視鏡はクリティカルに分類される|c.医療機器や機材の適切な操作方法の分類である|d.ホルマリン・ポビドンヨード・クレゾール石鹸液は中水準消毒薬に分類される|e.非脂質はグルタラールで死滅する,d,スポルディング分類は感染リスクに応じた消毒レベルの分類。内視鏡はセミクリティカル（高水準消毒）。ポビドンヨード等は中水準。グルタラールは高水準。
消化管の壁構造で管腔内から壁外へ向かって正しい順序はどれか。,基礎,a.粘膜—粘膜下層—固有筋層—漿膜下層—漿膜|b.粘膜—粘膜筋板—粘膜下層—固有筋層—漿膜下層—漿膜|c.粘膜—固有筋層—粘膜筋板—粘膜下層—漿膜|d.粘膜—固有筋層—粘膜下層—粘膜筋板—漿膜,b,消化管壁は内側から、粘膜上皮・粘膜固有層・粘膜筋板（これらを合わせて粘膜層）、粘膜下層、固有筋層、漿膜下層、漿膜の順で構成されている。食道など一部は漿膜を欠き外膜となる。
ヘリコバクター・ピロリ感染の診断方法として内視鏡を使用するものはどれか。,臨床,a.迅速ウレアーゼ試験|b.尿素呼気試験|c.抗体法（血液・尿）|d.便中抗原測定,a,迅速ウレアーゼ試験、鏡検法、培養法は内視鏡で胃粘膜を採取（生検）して行う侵襲的検査である。尿素呼気試験や抗体法は内視鏡を用いない非侵襲的検査である。
肝硬変の際にみられる身体所見（表徴）はどれか。,臨床,a.手掌紅斑|b.スプーン状爪|c.眼球突出|d.蝶形紅斑,a,肝硬変ではエストロゲン代謝異常などにより、手掌紅斑やクモ状血管腫、女性化乳房などが見られる。また門脈圧亢進により食道静脈瘤や脾腫（脾機能亢進）を合併する。
クローン病について正しいのはどれか。,臨床,a.直腸から連続性に広がる|b.全層性の炎症により狭窄や瘻孔を形成しやすい|c.血管透見像の消失が特徴である|d.高齢者に好発する,b,クローン病は消化管のあらゆる部位に非連続性（飛び石状）の病変を形成し、全層性炎症のため狭窄、瘻孔、膿瘍などを合併しやすい。連続性病変や血管透見消失は潰瘍性大腸炎の特徴である。
小腸用カプセル内視鏡検査について誤っている記述はどれか。,機器,a.患者の苦痛は少ない|b.小腸の狭窄が疑われる場合は禁忌である|c.カプセルは回収して再利用する|d.検査中は日常生活に近い行動が可能である,c,カプセル内視鏡はディスポーザブル（使い捨て）であり、通常は便とともに排出され廃棄する。狭窄がある場合は滞留（滞留）のリスクがあるため禁忌である。
胃の部位名称において、口側から肛門側への順序で正しいものはどれか。,基礎,a.噴門—胃体部—胃角部—前庭部—幽門|b.噴門—胃角部—胃体部—前庭部—幽門|c.噴門—前庭部—胃体部—胃角部—幽門|d.幽門—前庭部—胃体部—胃角部—噴門,a,食道との接合部が噴門、その下が胃体部、小弯の切痕部が胃角部、その先が幽門前庭部、十二指腸への出口が幽門である。
副交感神経遮断薬（抗コリン薬）によって起きない反応はどれか。,薬理,a.瞳孔散大（散瞳）|b.頻脈|c.消化管運動の抑制|d.瞳孔縮小（縮瞳）,d,抗コリン薬（ブチルスコポラミン等）は副交感神経を抑制するため、交感神経優位となり散瞳、心拍数増加（頻脈）、消化管運動抑制、口渇などが起こる。縮瞳は起きない。
ワルファリンカリウムが拮抗するビタミンはどれか。,薬理,a.ビタミンA|b.ビタミンB1|c.ビタミンC|d.ビタミンK,d,ワルファリンは肝臓でのビタミンK依存性凝固因子の合成を阻害することで抗凝固作用を発揮する。したがってビタミンK（納豆やクロレラ等）の摂取により作用が減弱する。
食欲を亢進（増進）させるホルモンはどれか。,基礎,a.レプチン|b.グルカゴン|c.グレリン|d.セクレチン,c,グレリンは胃から分泌され、食欲を亢進させる作用を持つ。レプチンは脂肪細胞から分泌され食欲を抑制する。
消化管粘膜下腫瘍（SMT）の精査として最も有用な検査はどれか。,臨床,a.NBI拡大観察|b.超音波内視鏡検査（EUS）|c.ルゴール染色|d.インジゴカルミン散布,b,SMTは粘膜の下にある病変であり、表面を見る通常内視鏡やNBIでは内部構造が分からない。EUSを用いることで病変の内部性状、発生層、大きさなどを詳細に評価できる。
クリップ止血法について誤っている記述はどれか。,処置,a.再出血の予防効果が高い|b.磁気共鳴画像（MRI）検査は絶対禁忌である|c.組織の壊死が少ない|d.縫縮としても利用できる,b,かつての鉄製クリップはMRI禁忌だったが、現在主流のチタン製やステンレス製クリップの多くはMRI対応（条件付き可）となっており、「絶対禁忌」という記述は誤りになりつつある（ただし製品確認は必須）。
65歳男性、吐血によるショック状態で搬送された。上部消化管内視鏡検査中に鎮静剤による血圧低下が見られた場合の対応として適切な薬剤はどれか。,薬理,a.アトロピン|b.フルマゼニル（拮抗薬）|c.プロプラノロール|d.ヘパリン,b,ベンゾジアゼピン系鎮静薬による過鎮静や呼吸抑制、血圧低下が見られた場合、拮抗薬であるフルマゼニル（アネキセート）を投与して覚醒を促す。
ビタミンについて正しい記述はどれか。,基礎,a.脂溶性ビタミンはB群とCである|b.水溶性ビタミンはA、D、E、Kである|c.体内で合成できないため食事から摂取する必要がある|d.すべて体内で合成できる,c,ビタミンは微量栄養素であり、原則として体内で合成できないため食事摂取が必要。脂溶性はD、A、K、E（だけ）、水溶性はB群、Cである。
高周波電流（電気メス）について正しい記述はどれか。,機器,a.エンドカットモードは組織の切開を行う|b.アルゴンプラズマ凝固（APC）は組織深部まで深く凝固する|c.凝固波は電圧が低く連続波である|d.対極板はバイポーラで必要である,a,エンドカットは切開と凝固を繰り返すモード。APCは浅い凝固が特徴。凝固波は高電圧・断続波。対極板はモノポーラで必要。
リドカイン（キシロカイン）スプレーの使用について誤っている記述はどれか。,薬理,a.1回の噴霧量は製品によって異なる|b.副作用にショックや中毒がある|c.高齢者では増量して使用する|d.血中濃度が上昇すると痙攣などを起こす,c,高齢者や肝機能障害患者では代謝が遅延し中毒を起こしやすいため、減量して慎重に使用する必要がある。
カルテ記載で用いられる略語と意味の組み合わせで正しいのはどれか。,管理,a.NSAIDs — 非ステロイド性抗炎症薬|b.PPI — プロトンポンプ阻害薬|c.ESD — 内視鏡的粘膜下層剥離術|d.すべての組み合わせ,d,NSAIDs（Non-Steroidal Anti-Inflammatory Drugs）、PPI（Proton Pump Inhibitor）、ESD（Endoscopic Submucosal Dissection）はいずれも正しい。
内視鏡の洗浄・消毒管理において不要な項目はどれか。,管理,a.洗浄履歴の記録|b.消毒薬の濃度管理|c.洗浄室のCO2濃度測定|d.水質管理（細菌検査等）,c,洗浄・消毒工程において、CO2濃度の測定は不要である。グルタラール等の蒸気濃度管理（環境対策）は必要だが、CO2ではない。
消化管出血の止血に使用される薬剤として正しいものはどれか。,薬理,a.トロンビン|b.高張Naエピネフリン液（HSE）|c.エタノール|d.すべての薬剤,d,トロンビンは散布して凝固を促進、HSEは局注して血管収縮と膨隆による圧迫、エタノールは局注して組織固定・脱水凝固による止血を行う。
早期食道癌（扁平上皮癌）の内視鏡診断に有用な色素はどれか。,臨床,a.インジゴカルミン|b.ヨード（ルゴール）|c.クリスタルバイオレット|d.メチレンブルー,b,食道扁平上皮癌はグリコーゲンが乏しいため、ヨード液を散布すると染まらずに不染帯となり、正常粘膜（濃染）と識別できる。
医療英語「Nausea」の意味はどれか。,基礎,a.嘔吐|b.吐き気（悪心）|c.下痢|d.胸やけ,b,Nauseaは吐き気（悪心）。Vomitingは嘔吐、Diarrheaは下痢、Heartburnは胸やけ。
消毒薬の分類において高水準消毒薬に該当するものはどれか。,管理,a.グルタラール|b.ポビドンヨード|c.塩化ベンザルコニウム|d.クロルヘキシジン,a,グルタラール、フタラール、過酢酸は高水準消毒薬。ポビドンヨード、アルコールは中水準。逆性石鹸（ベンザルコニウム）は低〜中水準。
ヘリコバクター・ピロリ除菌療法に用いられる薬剤はどれか。,薬理,a.抗ウイルス薬|b.プロトンポンプ阻害薬（PPI）と抗生物質|c.抗真菌薬|d.ステロイド薬,b,除菌療法には胃酸分泌抑制薬（PPIまたはP-CAB）と、2種類の抗生物質（アモキシシリン、クラリスロマイシン等）の併用療法が行われる。
ERCP（内視鏡的逆行性胆管膵管造影）の偶発症として最も頻度が高いものはどれか。,処置,a.出血|b.穿孔|c.急性膵炎|d.誤嚥性肺炎,c,ERCP後膵炎は最も頻度が高く重篤になりうる偶発症であり、予防策（NSAIDs、輸液等）が重要である。
大腸内視鏡検査の前処置（洗腸剤）について正しい記述はどれか。,管理,a.腸閉塞の疑いがある患者にも全量投与する|b.排泄液が透明になるまで服用する|c.前日は脂肪の多い食事を摂取する|d.脱水を防ぐため水分摂取を制限する,b,腸管内をきれいにするため、排便が透明な水様便になるまで洗腸剤を服用する。腸閉塞疑いでは穿孔リスクがあるため禁忌。
超音波内視鏡（EUS）の走査方式において、穿刺吸引術（FNA）に適しているのはどれか。,機器,a.ラジアル走査式|b.コンベックス（セクタ）走査式|c.リニア走査式（体表用）|d.Aモード,b,コンベックス走査式は超音波断層面と穿刺針の走行が同一平面上にあるため、針先をリアルタイムで確認しながら穿刺できる。ラジアルは360度観察用。
十二指腸乳頭が開口している部位はどれか。,基礎,a.十二指腸球部|b.十二指腸下行部|c.十二指腸水平部|d.空腸上部,b,主膵管と総胆管が合流する大十二指腸乳頭（ファーター乳頭）は、十二指腸下行部の内側に開口している。
内視鏡的乳頭括約筋切開術（EST）で使用する処置具はどれか。,処置,a.スネア鉗子|b.パピロトーム（弓状ナイフ）|c.ホットバイオプシー鉗子|d.バスケット鉗子,b,ESTはパピロトームを用いて乳頭を切開する。スネアはポリープ切除、バスケットは結石除去に用いる。
食道静脈瘤硬化療法（EIS）の禁忌となる病態はどれか。,処置,a.重篤な腎障害|b.高度な肝性脳症や黄疸|c.貧血|d.胃潰瘍の合併,b,重篤な肝障害（肝性脳症、黄疸、難治性腹水など）がある場合、硬化剤による肝障害の悪化や全身状態悪化のリスクがあるため禁忌となる。
内視鏡的粘膜下層剥離術（ESD）中の偶発症である穿孔に対する処置として適切なものはどれか。,処置,a.クリップによる縫縮閉鎖|b.直ちに開腹手術|c.スネアによる結紮|d.放置して経過観察,a,術中穿孔に対しては、内視鏡的にクリップを用いて穿孔部を閉鎖し、保存的治療（絶食・補液・抗生剤）を行うのが第一選択である。
経皮内視鏡的胃瘻造設術（PEG）の禁忌となる状態はどれか。,処置,a.脳卒中による嚥下障害|b.認知症による摂食困難|c.大量の腹水貯留|d.頭頸部癌による通過障害,c,大量の腹水がある場合、胃壁と腹壁を密着させることができず、腹腔内への漏出や腹膜炎のリスクが高いため禁忌である。
内視鏡スコープの操作部にあるボタン機能で、一般的に正しい組み合わせはどれか。,機器,a.青ボタン—送気・送水、赤ボタン—吸引|b.青ボタン—吸引、赤ボタン—送気・送水|c.青ボタン—写真、赤ボタン—ズーム|d.ボタン機能は固定されており変更できない,a,オリンパス製などの一般的なスコープでは、青色ボタンが送気・送水、赤色ボタンが吸引に割り当てられていることが多い。
NBI（狭帯域光観察）が診断に有用な病変の特徴はどれか。,臨床,a.粘膜下層の深部血管|b.粘膜表層の微細血管や表面構造|c.胆管結石|d.脂肪組織,b,NBIはヘモグロビンに吸収されやすい青・緑の狭帯域光を用いることで、粘膜表層の毛細血管や微細模様（Pitなど）を強調し、癌の早期発見や質的診断に有用である。
胆石の種類で最も頻度が高いものはどれか。,臨床,a.黒色石|b.ビリルビンカルシウム石|c.コレステロール石|d.脂肪酸カルシウム石,c,食生活の欧米化に伴い、現在はコレステロール結石が胆石症の中で最も高い割合を占めている。
消化管の壁構造について正しい記述はどれか。2つ選べ。,a.食道壁には漿膜がない|b.胃の固有筋層は内輪・外縦の2層構造である|c.アウエルバッハ神経叢は粘膜下層に存在する|d.粘膜筋板は粘膜層と粘膜下層の境界にある|e.小腸の粘膜上皮は重層扁平上皮である,a&d,食道は外膜に覆われており漿膜を欠きます。粘膜筋板は粘膜固有層の下にあり粘膜下層との境界をなします。胃の筋層は3層（内斜・中輪・外縦）、神経叢は筋層間（アウエルバッハ）と粘膜下層（マイスネル）、小腸上皮は単層円柱上皮です。
膵臓および関連ホルモンについて正しい記述はどれか。2つ選べ。,a.ランゲルハンス島A細胞（α細胞）はグルカゴンを分泌する|b.ランゲルハンス島B細胞（β細胞）はソマトスタチンを分泌する|c.インスリンは血糖値を低下させる|d.グルカゴンはグリコーゲン合成を促進する|e.膵液は酸性の消化液である,a&c,A細胞はグルカゴン（血糖上昇）、B細胞はインスリン（血糖低下）を分泌します。D細胞がソマトスタチンを分泌します。膵液は重炭酸イオンを含むアルカリ性です。
消化吸収と栄養素の輸送について正しい記述はどれか。2つ選べ。,a.タンパク質はアミノ酸に分解されて吸収される|b.脂肪酸（長鎖）はリンパ管（胸管）を経て静脈へ入る|c.ブドウ糖はリンパ管を通って輸送される|d.ビタミンB12は胃で吸収される|e.胆汁酸は十二指腸で吸収される,a&b,タンパク質はアミノ酸に、炭水化物は単糖類（ブドウ糖等）に分解され門脈へ入ります。脂肪はカイロミクロンとなりリンパ管（胸管）に入ります。B12と胆汁酸は回腸末端で吸収されます。
胃癌のリスクファクターや病態について正しい記述はどれか。2つ選べ。,a.ヘリコバクター・ピロリ感染は主要な原因である|b.食塩の過剰摂取はリスク因子である|c.早期胃癌の定義は腫瘍径2cm以下である|d.印環細胞癌は分化型腺癌に分類される|e.未分化型癌は高齢男性に多い,a&b,ピロリ菌感染と高塩分食は胃癌の確実なリスク因子です。早期胃癌は深達度（SMまで）で定義されます。印環細胞癌は未分化型で、若年女性にも見られます。
潰瘍性大腸炎（UC）の特徴について正しい記述はどれか。2つ選べ。,a.直腸から連続性に口側へ広がる|b.粘膜全層に炎症が及ぶ|c.血管透見像の消失やびらんが見られる|d.敷石像や縦走潰瘍が特徴的である|e.瘻孔や狭窄を形成しやすい,a&c,UCは直腸から始まる連続性のびまん性炎症で、粘膜・粘膜下層にとどまるため血管透見が消失します。全層性炎症、敷石像、瘻孔はクローン病の特徴です。
食道アカラシアについて正しい記述はどれか。2つ選べ。,a.下部食道括約筋（LES）の弛緩不全が原因である|b.嚥下障害や胸痛をきたす|c.食道癌の合併リスクは低い|d.治療の第一選択は胃全摘術である|e.高齢者にのみ発症する,a&b,アカラシアはLESが弛緩せず食道拡張をきたす疾患で、嚥下困難が主訴です。食道癌リスクは健常者より高いです。治療はバルーン拡張やPOEM（筋層切開）であり、胃全摘はしません。
肝硬変に伴う門脈圧亢進症の所見として正しいものはどれか。2つ選べ。,a.食道・胃静脈瘤|b.脾腫（脾機能亢進症）|c.左心不全|d.胆嚢収縮不全|e.十二指腸潰瘍,a&b,門脈圧亢進により側副血行路（静脈瘤）が形成され、脾臓がうっ血して腫大（血小板減少）します。
内視鏡の洗浄・消毒に使用される薬剤の特徴について正しい記述はどれか。2つ選べ。,a.酵素洗剤はタンパク質や脂質の分解に有効である|b.グルタラールは金属腐食性が非常に強い|c.過酢酸はタンパク凝固作用がない|d.アルコールは高水準消毒薬に分類される|e.フタラールは芽胞に対して数秒で有効である,a&c,酵素洗剤は有機物除去に必須です。過酢酸は凝固作用がなく低温で使用可能です。グルタラールは腐食性は比較的低いです。アルコールは中水準、フタラールは芽胞への効力は遅いです。
スポルディングの分類と内視鏡器具の取り扱いについて正しい記述はどれか。2つ選べ。,a.生検鉗子はクリティカル器具であり滅菌が必要である|b.内視鏡スコープはセミクリティカル器具であり高水準消毒が必要である|c.マウスピースはノンクリティカル器具であり洗浄のみでよい|d.処置具の再利用（リユース）は推奨されている|e.高水準消毒には塩化ベンザルコニウムを用いる,a&b,粘膜を穿刺する鉗子は滅菌（クリティカル）、粘膜に触れるスコープは高水準消毒（セミクリティカル）です。マウスピースも粘膜に触れるため高水準消毒が望ましいです。ベンザルコニウムは低水準です。
鎮静薬および拮抗薬の組み合わせで正しいものはどれか。2つ選べ。,a.ミダゾラム — フルマゼニル|b.ペチジン — ナロキソン|c.プロポフォール — アチパメゾール|d.ジアゼパム — ナロキソン|e.デクスメデトミジン — フルマゼニル,a&b,ベンゾジアゼピン系（ミダゾラム等）の拮抗薬はフルマゼニル、オピオイド（ペチジン等）の拮抗薬はナロキソンです。プロポフォールに拮抗薬はありません。
抗血栓薬服用者の内視鏡検査（生検）についてガイドライン上正しい記述はどれか。2つ選べ。,a.アスピリン単剤服用者は休薬なしで生検可能である|b.ワルファリン服用者はPT-INRが治療域内であれば生検可能である|c.DOAC（直接作用型抗凝固薬）服用者は当日の朝のみ休薬して生検する|d.すべての抗血栓薬は5日間休薬しなければならない|e.ヘパリン置換を行わないと生検できない,a&b,生検は出血低リスク手技であり、アスピリン単剤やワルファリン（INR治療域内）単剤であれば休薬不要とされています。DOACは半減期が短いため当日休薬等の対応がとられますが、一律5日休薬は誤りです。
内視鏡的電気手術（高周波治療）において正しい記述はどれか。2つ選べ。,a.モノポーラ方式では対極板の装着が必須である|b.凝固波は断続的な波形で止血効果が高い|c.切開波は電圧が低く組織深部まで凝固する|d.バイポーラ方式は電流が全身を流れる|e.スネアの通電時間は長いほど安全である,a&b,モノポーラは対極板へ電流を回収します。凝固波は断続波（休止期あり）でジュール熱による凝固・止血を行います。切開波は連続波です。
アルゴンプラズマ凝固法（APC）の特徴として正しい記述はどれか。2つ選べ。,a.非接触で通電・凝固が可能である|b.組織への深達度が浅く穿孔リスクが低い|c.対極板は不要である|d.大きなポリープの切除に適している|e.水中（血液中）でも放電できる,a&b,APCはイオン化ガスを用いた非接触凝固で、均一かつ浅い凝固層を形成します。モノポーラなので対極板は必要です。液体中では放電しません。
早期胃癌に対する内視鏡的粘膜下層剥離術（ESD）の適応（絶対適応・拡大適応）に含まれるものはどれか。2つ選べ。,a.2cmを超える潰瘍のない分化型粘膜内癌|b.3cm未満の潰瘍のある分化型粘膜内癌|c.リンパ節転移が明らかな病変|d.他臓器への転移がある病変|e.粘膜下層深部（SM2）へ浸潤した病変,a&b,リンパ節転移のリスクがないことが前提で、サイズや潰瘍の有無により適応が決まります。UL(-)ならサイズ制限なし、UL(+)なら3cm以下などが適応です。SM2以深は外科手術適応です。
内視鏡的逆行性胆管膵管造影（ERCP）の偶発症予防について正しい記述はどれか。2つ選べ。,a.ERCP後膵炎予防にNSAIDs（ジクロフェナク）坐剤が有効である|b.十分な輸液負荷が膵炎予防に推奨される|c.予防的抗菌薬投与は推奨されない|d.検査直後から食事を開始する|e.アミラーゼ値の上昇がなければ膵炎は否定できる,a&b,ガイドラインではNSAIDsの直腸投与と十分な輸液がERCP後膵炎の発症を有意に抑制するとされています。
消化管間質腫瘍（GIST）について正しい記述はどれか。2つ選べ。,a.カハール介在細胞由来の腫瘍である|b.粘膜下腫瘍（SMT）の形態をとる|c.上皮性の悪性腫瘍（癌）である|d.リンパ節転移を頻繁にきたす|e.ヘリコバクター・ピロリ除菌が第一選択である,a&b,GISTは消化管運動のペースメーカー細胞（カハール細胞）由来の間葉系腫瘍で、SMTとして発育します。治療は切除または分子標的薬です。
ビタミン欠乏症について正しい組み合わせはどれか。2つ選べ。,a.ビタミンB1 — ウェルニッケ脳症|b.ビタミンB12 — 悪性貧血|c.ビタミンC — 夜盲症|d.ビタミンD — 出血傾向|e.ビタミンK — くる病,a&b,B1欠乏は脚気・ウェルニッケ脳症、B12欠乏は巨赤芽球性貧血（悪性貧血）。C欠乏は壊血病、A欠乏は夜盲症、D欠乏はくる病/骨軟化症、K欠乏は出血傾向です。
食道静脈瘤の「赤色所見（Red Color sign）」に分類される所見はどれか。2つ選べ。,a.ミミズ腫れ様発赤（Red wale marking）|b.血豆様発赤（Cherry red spot）|c.白色調（Cw）|d.青色調（Cb）|e.連珠状（F2）,a&b,RCサインは出血リスクを示す所見で、ミミズ腫れ様（Rw）、血豆様（CRS）、赤色血栓（RTh）などがあります。色調（Cw, Cb）や形態（F1-F3）は基本分類です。
医療安全における「タイムアウト」の実施について正しい記述はどれか。2つ選べ。,a.処置開始直前にチーム全員で手を止めて行う|b.患者氏名・部位・術式などを声出し確認する|c.医師が一人で黙認すればよい|d.検査終了後に行うものである|e.緊急時は省略してよい,a&b,誤認防止のため、処置直前に全員で作業を中断し、対象患者と実施内容を共有確認するプロセスです。
コールドポリペクトミー（CSP）の特徴として正しい記述はどれか。2つ選べ。,a.高周波通電を行わないため熱損傷がない|b.遅発性出血や穿孔のリスクが低い|c.ペースメーカー患者には禁忌である|d.20mm以上の大きな病変に適している|e.クリップ縫縮が必須である,a&b,CSPは機械的切除のみを行うため、深部熱損傷による穿孔や遅発性出血が少なく、抗血栓薬服用者やペースメーカー患者にも安全に施行可能です。主に10mm未満が適応。
超音波内視鏡（EUS）の方式と特徴について正しい記述はどれか。2つ選べ。,a.ラジアル走査式は360度の全周画像が得られる|b.コンベックス走査式は穿刺吸引術（FNA）が可能である|c.ラジアル走査式は穿刺針の誘導に最適である|d.コンベックス走査式は視野が360度である|e.リニア走査式は消化管では使用されない,a&b,ラジアルは全周観察（スクリーニング）、コンベックス（セクタ）は断層面と穿刺ラインが一致するためFNAに適しています。
カプセル内視鏡検査が禁忌となる患者はどれか。2つ選べ。,a.消化管の狭窄や閉塞が疑われる患者|b.心臓ペースメーカー植込み患者（機種によるが原則確認）|c.小児患者|d.嚥下可能な高齢者|e.消化管出血の患者,a&b,カプセル滞留による腸閉塞リスクがある狭窄例は禁忌です。ペースメーカーは干渉の可能性があるため、対応機種かどうかの確認が必要です。
大腸憩室症について正しい記述はどれか。2つ選べ。,a.S状結腸に好発する|b.出血や憩室炎の原因となる|c.先天性の真性憩室が多い|d.ポリープ切除の適応となる|e.必ず癌化する,a&b,大腸憩室は後天性の仮性憩室が多く、内圧の高いS状結腸に好発します。憩室出血や憩室炎、穿孔などの合併症を起こすことがあります。
内視鏡的乳頭括約筋切開術（EST）の切開方向として推奨されるのはどれか。2つ選べ。,a.11時方向|b.12時方向|c.3時方向|d.6時方向|e.9時方向,a&b,乳頭の解剖学的構造（膵管・血管の走行）から、出血や穿孔、膵炎のリスクが最も低い「11時〜12時方向（口側）」への切開が推奨されています。
特殊光観察（NBI/BLI等）で強調される構造はどれか。2つ選べ。,a.粘膜表層の微細血管|b.粘膜表面の微細構造（ピットパターン等）|c.粘膜下層の深部血管|d.脂肪組織|e.固有筋層の厚み,a&b,短波長の狭帯域光は粘膜表層で吸収・散乱されるため、表層の毛細血管や微細な表面構造のコントラストを強調し、癌の早期発見に有用です。
経皮内視鏡的胃瘻造設術（PEG）の禁忌となる病態はどれか。2つ選べ。,a.大量の腹水貯留|b.内視鏡が通過できない咽頭・食道狭窄|c.脳血管障害後遺症|d.認知症による摂食障害|e.神経難病による嚥下障害,a&b,胃壁と腹壁を密着できない大量腹水例や、そもそも胃内にスコープを挿入できない狭窄例は造設不可能です。c,d,eは造設の適応となりえます。
消毒薬「過酢酸」の特徴として正しい記述はどれか。2つ選べ。,a.分解産物は水・酸素・酢酸であり無害である|b.タンパク凝固作用がない|c.金属腐食性が非常に強い|d.芽胞には無効である|e.使用時に遮光が必要である,a&b,過酢酸は環境負荷が低く、タンパク凝固作用がないため洗浄性に優れます。高水準消毒薬として芽胞にも有効です。
ヘリコバクター・ピロリの検査法で、内視鏡を用いない（非侵襲的）ものはどれか。2つ選べ。,a.尿素呼気試験|b.便中抗原測定|c.迅速ウレアーゼ試験|d.鏡検法|e.培養法,a&b,呼気試験や便・尿・血液検査は非侵襲的です。c,d,eは内視鏡で組織を採取する必要があります。
消化管の「粘膜筋板」に関する記述で正しいものはどれか。2つ選べ。,a.粘膜層の最下層に位置する|b.食道癌や胃癌の深達度判定（M/SM）の基準となる|c.固有筋層よりも厚い|d.神経叢が豊富に存在する|e.漿膜の直下にある,a&b,粘膜筋板は粘膜固有層と粘膜下層の間にある薄い筋層で、癌がこれを超えているか（SM浸潤）が治療方針（内視鏡か手術か）の重要な境目になります。
内視鏡室の感染対策（ゾーニング）について正しい記述はどれか。2つ選べ。,a.洗浄室は汚染区域とみなす|b.個人防護具（PPE）は汚染区域から出る際に外す|c.清潔区域と汚染区域の動線を交差させる|d.使用済みスコープは処置室で洗浄・消毒を完了する|e.休憩室でPPEを着用する,a&b,洗浄室は汚染区域です。PPEは汚染を拡散させないよう、汚染区域内で脱いでから退出します。
十二指腸の解剖について正しい記述はどれか。2つ選べ。,a.球部・下行部・水平部・上行部に区分される|b.ファーター乳頭は下行部に開口する|c.全域が腹膜内器官である|d.空腸よりケルクリングひだが発達している|e.胃酸を分泌する,a&b,十二指腸はC字型をしており、球部以外は腹膜後器官です。胆汁・膵液が出るファーター乳頭は下行部にあります。
局所麻酔薬リドカインの中毒症状として正しいものはどれか。2つ選べ。,a.初期に多弁、興奮、舌のしびれが現れる|b.進行すると意識消失、徐脈、呼吸停止に至る|c.血圧が急上昇し続ける|d.皮膚に発疹が出る（アレルギー症状）|e.高熱が出る,a&b,リドカイン中毒は血中濃度上昇による中枢神経症状（興奮→抑制）と循環抑制が特徴です。アナフィラキシー（発疹、ショック）とは区別が必要です。
食道癌のスクリーニングにおけるヨード（ルゴール）染色の判定について正しい記述はどれか。2つ選べ。,a.正常な扁平上皮は濃染する（褐色になる）|b.癌部や異型上皮は不染帯（染まらない）となる|c.癌部は黒色に染まる|d.ヨードは癌細胞に取り込まれる|e.腺癌の診断に有用である,a&b,ヨードは正常細胞内のグリコーゲンと反応します。グリコーゲンが乏しい癌部は染まらず白っぽく（不染帯）見えます。食道腺癌（バレット腺癌）には無効です。
胃底腺ポリープの特徴として正しい記述はどれか。2つ選べ。,a.ピロリ菌陰性の胃粘膜に発生しやすい|b.女性に多い|c.癌化率が非常に高い|d.萎縮性胃炎を背景とする|e.通常は切除が必要である,a&b,胃底腺ポリープはピロリ感染のない綺麗な胃（胃酸分泌過多傾向）に発生しやすく、女性に多い良性ポリープです。癌化は稀で経過観察が基本です。
内視鏡的異物除去において、緊急摘出が必要なものはどれか。2つ選べ。,a.ボタン型電池（食道停滞）|b.鋭利な異物（PTPシート、針など）|c.小さなビー玉（胃内）|d.パチンコ玉（胃内）|e.果物の種,a&b,ボタン電池は放電による穿孔リスクが高く、鋭利な異物は粘膜損傷・穿孔の危険があるため、緊急内視鏡の絶対適応です。丸く小さなものは自然排出を待つこともあります。
機能性ディスペプシア（FD）について正しい記述はどれか。2つ選べ。,a.内視鏡検査で器質的異常を認めない|b.胃もたれや心窩部痛などの症状がある|c.胃癌が原因である|d.必ずピロリ除菌で治癒する|e.手術が必要である,a&b,FDは症状があるにも関わらず、潰瘍や癌などの目に見える異常がない疾患です。酸分泌抑制薬や消化管運動機能改善薬などが用いられます。
内視鏡検査の偶発症である「穿孔」の徴候として正しいものはどれか。2つ選べ。,a.激しい腹痛|b.腹部の板状硬（筋性防御）|c.皮下気腫の出現|d.大量の下血|e.徐脈,a&c,穿孔すると消化液や空気が腹腔内に漏れ、腹膜炎による激痛や筋性防御、および皮下気腫（頸部や胸部など）が生じることがあります。
インフォームド・コンセント（IC）について正しい記述はどれか。2つ選べ。,a.患者が説明を理解し、自由意志で同意すること|b.同意はいつでも撤回可能である|c.医療者が治療方針を独断で決定すること|d.家族への説明だけで十分である|e.同意書にサインしたら撤回できない,a&b,ICは「説明と同意」であり、患者の自己決定権を保障するものです。患者はいつでも同意を撤回できます。
ERCPで使用するガイドワイヤーの役割として正しい記述はどれか。2つ選べ。,a.カテーテルや処置具を目的の胆管・膵管へ誘導する|b.造影後の胆管確保（アククセス維持）を行う|c.結石を破砕する|d.乳頭を切開する|e.胆汁を吸引する,a&b,ガイドワイヤーは「道しるべ」としてカテーテルの挿入を助け、処置具交換時に胆管深部へのアクセスを維持するために不可欠です。
内視鏡室の電気安全管理について正しい記述はどれか。2つ選べ。,a.医用電気機器は3Pプラグ（接地極付き）を使用する|b.漏れ電流によるミクロショック対策を行う|c.アースは接続しなくてよい|d.タコ足配線を推奨する|e.機器の点検は故障してから行う,a&b,患者に直接触れる機器が多いため、漏れ電流による電撃事故を防ぐための接地（アース）と定期点検が必須です。
大腸内視鏡検査の前処置（洗腸）において注意すべき点はどれか。2つ選べ。,a.腸閉塞疑いの患者には禁忌である|b.排便が透明になるまで行う|c.脱水予防のため水分摂取を禁止する|d.前日は高繊維食を摂取する|e.腹痛が出現しても服用を続ける,a&b,閉塞時の洗腸剤投与は穿孔を招きます。観察には便残渣のない透明な排液状態が必要です。異常時は中止します。
胆石の種類と特徴について正しい記述はどれか。2つ選べ。,a.コレステロール結石が最も多い|b.黒色石は溶血性貧血などで見られる|c.ビリルビンカルシウム石は胆嚢内のみにできる|d.脂肪酸カルシウム石が最も多い|e.胆石はすべてX線に写る,a&b,現在日本で最も多いのはコレステロール石です。黒色石はビリルビン過剰（溶血など）で生じます。ビリルビンCa石は胆管内にも生じます。
消化管アミロイドーシスの内視鏡所見はどれか。2つ選べ。,a.微細顆粒状粘膜|b.紫斑や血腫の形成（易出血性）|c.敷石像|d.多発憩室|e.巨大潰瘍,a&b,アミロイド沈着により粘膜が脆くなり、微細顆粒状の変化や、生検・接触による出血（紫斑）が見られるのが特徴です。
内視鏡的止血術のうち「機械的止血法」に分類されるものはどれか。2つ選べ。,a.クリップ法|b.EVL（内視鏡的静脈瘤結紮術）|c.局注法|d.アルゴンプラズマ凝固法|e.ヒータープローブ法,a&b,クリップやゴムバンド（EVL）などの器具で物理的に組織を縛ったり挟んだりする方法です。cは薬剤法、d/eは熱凝固法です。
脂肪肝の超音波（またはEUS）所見として正しい記述はどれか。2つ選べ。,a.肝腎コントラストの増強（肝臓が白く見える）|b.深部減衰（深部が暗くなる）|c.肝表面の凹凸不整|d.門脈の拡張|e.腹水の貯留,a&b,脂肪沈着により肝実質のエコーレベルが上昇して腎臓より白く見え（肝腎コントラスト）、超音波が減衰しやすいため深部が描出しにくくなります。
食道静脈瘤硬化療法（EIS）で使用される硬化剤はどれか。2つ選べ。,a.エタノールアミンオレート（EO）|b.ポリドカスクレロール（Aethoxysklerol）|c.生理食塩水|d.インジゴカルミン|e.ヒアルロン酸ナトリウム,a&b,EISでは血管内皮を障害し血栓閉塞させるために、EOやポリドカスクレロールなどの硬化剤を静脈瘤内に注入します。
小腸の解剖について正しい記述はどれか。2つ選べ。,a.十二指腸・空腸・回腸からなる|b.回腸にはパイエル板（リンパ小節）が多い|c.空腸は回腸より壁が薄い|d.全長は約15mである|e.大部分は後腹膜に固定されている,a&b,小腸の区分と、免疫組織であるパイエル板が回腸に多いことは重要です。全長は6-7m程度。十二指腸以外は腹膜内器官（可動性あり）です。
内視鏡的粘膜切除術（EMR）の手順として正しい記述はどれか。2つ選べ。,a.粘膜下層に生理食塩水等を局注し病変を挙上させる|b.スネアで病変を絞扼し高周波通電で切除する|c.局注せずにそのまま切除する|d.通電せずに引きちぎる|e.病変の表面だけを焼灼する,a&b,EMRは局注による挙上（リフティング）を作り、安全にスネアリングして切除する手技です。局注しない方法はコールドスネア等ですが、EMRの定義は通常局注併用です。
MRI検査における内視鏡関連の禁忌・注意点はどれか。2つ選べ。,a.磁性体を含むクリップの残存|b.カプセル内視鏡の体内滞留|c.チタン製クリップ（非磁性体）|d.プラスチックステント|e.以前の生検歴,a&b,磁性体（鉄など）は磁場で動いたり発熱するため禁忌です。カプセル内視鏡も電子機器・電池を含むため絶対禁忌です。
胃内視鏡検査における「咽頭麻酔」の目的と注意点はどれか。2つ選べ。,a.咽頭反射（オェッとなる反射）を抑制する|b.リドカイン中毒やショックに注意する|c.意識を消失させる|d.胃の蠕動を止める|e.検査後すぐに食事をしてよい,a&b,咽頭の知覚を麻痺させて苦痛と反射を和らげますが、リドカインの吸収による全身毒性（ショック・中毒）のリスク管理が必要です。
胃の解剖と機能について正しい記述はどれか。2つ選べ。,基礎,a.胃体部は胃酸を分泌する壁細胞が豊富である|b.幽門前庭部（アントルム）からはガストリンが分泌される|c.胃角部は大弯側に位置する|d.噴門は第3腰椎の高さにある|e.胃の蠕動運動は副交感神経によって抑制される,a&b,胃体部の胃底腺領域には壁細胞（酸分泌）や主細胞（ペプシン分泌）が分布します。幽門腺領域（前庭部）のG細胞からはガストリンが分泌されます。胃角は小弯側、噴門はTh11付近です。蠕動は副交感神経（迷走神経）で促進されます。
消化管ホルモンとその作用について正しい組み合わせはどれか。2つ選べ。,基礎,a.セクレチン — 膵液（重炭酸イオン）分泌促進|b.コレシストキニン（CCK） — 胆嚢収縮|c.ソマトスタチン — インスリン分泌促進|d.ガストリン — 胃酸分泌抑制|e.モチリン — 消化管運動抑制,a&b,セクレチンはS細胞から分泌され膵液分泌促進・胃酸抑制を行います。CCKはI細胞から分泌され胆嚢収縮・膵酵素分泌を促します。ソマトスタチンは分泌抑制、ガストリンは酸分泌促進、モチリンは空腹期収縮運動（MMC）を誘発します。
肝臓の解剖生理について正しい記述はどれか。2つ選べ。,基礎,a.肝動脈は機能血管であり栄養素を運ぶ|b.門脈は栄養血管であり酸素を運ぶ|c.肝臓は右葉と左葉に分かれる|d.グリソン鞘には門脈・肝動脈・胆管が走る|e.胆汁は胆嚢で作られる,c&d,肝臓は解剖学的に右葉・左葉（さらに尾状葉・方形葉）に分かれます。グリソン鞘（門脈域）には門脈・動脈・胆管の三つ組が走行します。機能血管は門脈、栄養血管は肝動脈です。胆汁は肝細胞で作られます。
ビタミン欠乏症について正しい記述はどれか。2つ選べ。,基礎,a.ビタミンB1欠乏 — 脚気・ウェルニッケ脳症|b.ビタミンB12欠乏 — 悪性貧血（巨赤芽球性貧血）|c.ビタミンC欠乏 — 夜盲症|d.ビタミンK欠乏 — くる病|e.葉酸欠乏 — 出血傾向,a&b,B1欠乏は脚気やウェルニッケ脳症、B12および葉酸欠乏は巨赤芽球性貧血（悪性貧血）の原因となります。C欠乏は壊血病、A欠乏は夜盲症、D欠乏はくる病、K欠乏は出血傾向です。
食道の生理機能について正しい記述はどれか。2つ選べ。,基礎,a.上部食道括約筋（UES）は嚥下時に弛緩する|b.下部食道括約筋（LES）は胃食道逆流を防いでいる|c.食道蠕動は逆蠕動が基本である|d.食道粘膜は吸収上皮である|e.気管の前方に位置する,a&b,嚥下時にUESが弛緩して食物を受け入れ、LESは通常収縮しており胃酸逆流を防ぎ、嚥下時のみ弛緩します。食道は気管の後方です。
ヘリコバクター・ピロリ感染に関連する疾患はどれか。2つ選べ。,臨床,a.胃MALTリンパ腫|b.特発性血小板減少性紫斑病（ITP）|c.クローン病|d.潰瘍性大腸炎|e.食道アカラシア,a&b,ピロリ菌は胃炎、胃潰瘍、胃癌、MALTリンパ腫のほか、胃外疾患としてITP（特発性血小板減少性紫斑病）との関連が認められており、除菌療法が有効です。
炎症性腸疾患（IBD）の鑑別点として正しい記述はどれか。2つ選べ。,臨床,a.潰瘍性大腸炎は直腸から連続性に病変が広がる|b.クローン病は縦走潰瘍や敷石像が特徴である|c.潰瘍性大腸炎は全層性の炎症をきたす|d.クローン病は血管透見像の消失が特徴的である|e.両者とも感染性腸炎である,a&b,UCは連続性・粘膜層主体の炎症、CDは非連続性・全層性の炎症で縦走潰瘍や敷石像を呈します。
胃ポリープについて正しい記述はどれか。2つ選べ。,臨床,a.胃底腺ポリープはピロリ菌陰性の胃に多い|b.過形成性ポリープは発赤調でピロリ菌感染胃に多い|c.胃底腺ポリープは癌化率が高い|d.過形成性ポリープは自然消失することはない|e.家族性大腸腺腫症に伴う胃ポリープは腺腫である,a&b,胃底腺ポリープはピロリ陰性の萎縮のない胃に多発する良性病変。過形成ポリープはピロリ感染（萎縮性胃炎）を背景とし、除菌により縮小・消失することがあります。
早期食道癌の内視鏡診断について正しい記述はどれか。2つ選べ。,臨床,a.ヨード（ルゴール）染色で不染帯として認識される|b.NBI拡大観察で茶褐色の異常血管（IPCL変化）が見られる|c.通常観察で隆起型となることが多い|d.インジゴカルミン散布で青染される|e.生検は禁忌である,a&b,扁平上皮癌はグリコーゲン欠乏によりヨード不染となります。NBIなどの狭帯域光観察では、上皮内血管ループ（IPCL）の形態変化やB1/B2血管などの異常血管を茶褐色に描出します。
大腸憩室の特徴として正しい記述はどれか。2つ選べ。,臨床,a.S状結腸に好発する|b.出血時は腹痛を伴わないことが多い|c.憩室炎では発熱や腹痛を伴う|d.若年者に多い|e.先天性の真性憩室が大部分である,a&c,大腸憩室は内圧の高いS状結腸に多く、炎症（憩室炎）を起こすと疼痛・発熱します。憩室出血は突然の下血をきたしますが、出血そのものによる腹痛は伴わないことが多いです（無痛性大量出血）。
高周波電流（電気メス）の原理について正しい記述はどれか。2つ選べ。,機器,a.切開波は連続した波形で組織を切開する|b.凝固波は断続的な波形で止血効果が高い|c.凝固波は電圧が低い|d.混合波は存在しない|e.ジュール熱ではなく摩擦熱を利用している,a&b,切開波は低電圧・連続波で細胞内液を沸騰させ破裂（切開）させます。凝固波は高電圧・断続波（休止期あり）で組織を脱水・変性（凝固）させます。
超音波内視鏡（EUS）のプローブ方式について正しい記述はどれか。2つ選べ。,機器,a.ラジアル走査式は360度の全周画像が得られる|b.コンベックス（セクタ）走査式は穿刺吸引術（FNA）に適している|c.リニア走査式はスクリーニング専用である|d.超音波周波数が高いほど深部まで観察できる|e.バルーン法では空気を注入する,a&b,ラジアルは位置関係把握に適した全周像、コンベックスは穿刺ラインが見えるためFNAに適します。周波数が高いほど解像度は上がりますが深達度は低下します。バルーンには脱気水を入れます。
カプセル内視鏡（小腸用）の禁忌・注意点について正しい記述はどれか。2つ選べ。,機器,a.消化管の狭窄や閉塞が疑われる場合は原則禁忌である|b.ペースメーカー装着者は機種確認が必要である|c.パテンシーカプセルは本検査の後に使用する|d.大腸癌の診断に優れている|e.生検が可能である,a&b,滞留リスクのある狭窄例は禁忌。パテンシーカプセルは開通性確認のため「事前」に使用します。現在主流のカプセルには生検機能はありません。
NBI（Narrow Band Imaging）の原理について正しい記述はどれか。2つ選べ。,機器,a.415nm（青）と540nm（緑）の狭帯域光を使用する|b.ヘモグロビンの吸光特性を利用している|c.粘膜深部の血管観察に適している|d.赤外線を利用している|e.薬剤を散布して観察する,a&b,血液中のヘモグロビンに吸収されやすい短波長の光（青・緑）を照射し、粘膜表層の血管や微細構造のコントラストを強調します。深部観察には不向きです。
内視鏡の送気・送水システムについて正しい記述はどれか。2つ選べ。,機器,a.送気ポンプから出た空気はボトル内の水を加圧する|b.スコープの送気・送水ボタンを押すと水が出る|c.ボタンの穴を塞ぐと送気される|d.水タンクの水は水道水でよい|e.CO2送気は専用の装置を必要としない,b&c,通常、ボタンの穴を指で塞ぐと送気され、ボタンを深く押し込むと送水されます。タンクの水は滅菌水が推奨され、毎日交換します。
鎮静薬プロポフォールの特徴として正しい記述はどれか。2つ選べ。,薬理,a.作用発現が速く覚醒も速やかである|b.呼吸抑制や血圧低下のリスクがある|c.特異的な拮抗薬（リバース）が存在する|d.鎮痛作用が強い|e.大豆アレルギーは禁忌である,a&b,プロポフォールは半減期が短く調節性に優れますが、呼吸・循環抑制があり、拮抗薬がないため慎重な管理が必要です。製剤に含まれる添加物により大豆・卵アレルギーは禁忌（または慎重投与）です。
オピオイド鎮痛薬（ペチジン等）の使用について正しい記述はどれか。2つ選べ。,薬理,a.鎮痛作用を目的として使用する|b.拮抗薬はナロキソンである|c.呼吸抑制は起こらない|d.制吐作用がある|e.前立腺肥大症には禁忌である,a&b,ペチジンは鎮痛効果があり、副作用として呼吸抑制、悪心・嘔吐があります。拮抗薬はナロキソンです。抗コリン薬と異なり緑内障や前立腺肥大への禁忌はありません。
抗血栓薬の休薬・継続ガイドラインについて正しい記述はどれか。2つ選べ。,薬理,a.アスピリン単剤での粘膜生検は休薬不要である|b.ワルファリン服用者のESDはヘパリン置換等を考慮する|c.DOAC服用者は休薬なしでESDが可能である|d.すべての内視鏡検査で休薬が必要である|e.ポリペクトミーは抗血栓薬継続下で行うのが原則である,a&b,出血低リスク手技（生検等）は単剤なら休薬不要。高リスク手技（ESD/EMR）では、ワルファリンはヘパリン置換、DOACは当日休薬などの対策が必要です。
鎮痙薬の使い分けについて正しい記述はどれか。2つ選べ。,薬理,a.ブチルスコポラミンは緑内障・前立腺肥大症に禁忌である|b.グルカゴンは抗コリン作用を持たないため代替薬となる|c.グルカゴンは低血糖を引き起こす|d.ブチルスコポラミンは心房細動を誘発しやすい|e.すべての症例で鎮痙薬を使用しなければならない,a&b,抗コリン薬（ブスコパン）は禁忌が多いため、該当患者には平滑筋弛緩作用を持つグルカゴンを用います。グルカゴンは高血糖や悪心のリスクがあります。
局所麻酔薬リドカインの中毒について正しい記述はどれか。2つ選べ。,薬理,a.初期症状として興奮・多弁・舌のしびれ等がある|b.重症化すると意識消失・徐脈・呼吸停止に至る|c.高齢者では代謝が早いため増量する|d.ショック（アナフィラキシー）と同じ病態である|e.治療薬としてアドレナリン静注が第一選択である,a&b,血中濃度上昇による中枢神経・循環器毒性です。高齢者は代謝能が低くリスクが高いため減量します。アナフィラキシーとは異なります。
早期胃癌に対する内視鏡的粘膜下層剥離術（ESD）の適応病変はどれか。2つ選べ。,処置,a.2cmを超える潰瘍のない分化型粘膜内癌|b.3cm未満の潰瘍のある分化型粘膜内癌|c.リンパ節転移が疑われる病変|d.遠隔転移のある進行癌|e.筋層まで深く浸潤した癌,a&b,リンパ節転移の可能性が極めて低い早期癌（主に粘膜内癌）が適応です。UL(-)ならサイズ問わず、UL(+)なら3cm以下などがガイドライン上の適応です。
内視鏡的乳頭括約筋切開術（EST）の合併症予防について正しい記述はどれか。2つ選べ。,処置,a.切開方向は11時〜12時方向を遵守する|b.術後のNSAIDs坐剤投与が膵炎予防に有効である|c.切開は3時〜4時方向に行う|d.予防的抗菌薬投与は行わない|e.術後すぐに食事を開始する,a&b,乳頭の解剖学的構造から11-12時方向が安全域です。ERCP後膵炎予防にはNSAIDs投与と十分な輸液が推奨されています。
消化管出血に対する内視鏡的止血術の分類として正しい記述はどれか。2つ選べ。,処置,a.クリップ法は機械的止血法である|b.アルゴンプラズマ凝固法（APC）は熱凝固法である|c.高張Naエピネフリン局注は機械的止血法である|d.純エタノール局注は熱凝固法である|e.EVL（結紮術）は薬剤止血法である,a&b,クリップや結紮（EVL）は機械的、APCや高周波鉗子は熱凝固、薬剤局注（HSE, エタノール）は薬剤的止血法に分類されます。
経皮内視鏡的胃瘻造設術（PEG）の禁忌について正しい記述はどれか。2つ選べ。,処置,a.大量の腹水貯留がある|b.内視鏡が通過できない咽頭・食道狭窄がある|c.脳血管障害による嚥下障害がある|d.長期経腸栄養管理が必要な場合|e.認知症による摂食障害がある,a&b,胃壁と腹壁を密着できない大量腹水例や、内視鏡を挿入できない狭窄例は造設不可能です。c,d,eは造設の適応となり得ます。
コールドポリペクトミー（CSP）の利点として正しい記述はどれか。2つ選べ。,処置,a.通電しないため深部熱損傷がない|b.遅発性出血や穿孔のリスクが低い|c.2cm以上の大きな病変に適している|d.ペースメーカー患者には禁忌である|e.抗血栓薬休薬が必須である,a&b,CSPは機械的切断のみで熱を加えないため、穿孔や遅発性出血のリスクが低く、抗血栓薬服用者やペースメーカー患者にも安全に施行しやすいです。適応は通常10mm未満です。
スポルディングの分類と消毒レベルについて正しい記述はどれか。2つ選べ。,管理,a.内視鏡スコープはセミクリティカル器具であり高水準消毒を行う|b.生検鉗子はクリティカル器具であり滅菌を行う|c.粘膜に接触する器具は低水準消毒でよい|d.高水準消毒薬には塩化ベンザルコニウムが含まれる|e.アルコールは高水準消毒薬である,a&b,粘膜に接触するスコープはセミクリティカル（高水準消毒）、粘膜を破る鉗子はクリティカル（滅菌）。ベンザルコニウムは低水準、アルコールは中水準です。
高水準消毒薬「過酢酸」の特徴として正しい記述はどれか。2つ選べ。,管理,a.タンパク凝固作用がない|b.分解産物は無害（水・酸素・酢酸）である|c.金属腐食性が非常に強い|d.芽胞には無効である|e.使用時に遮光が必要である,a&b,過酢酸はタンパク凝固がなく洗浄性に優れ、環境負荷も低い高水準消毒薬です。
高水準消毒薬「フタラール」の特徴として正しい記述はどれか。2つ選べ。,管理,a.タンパク質を黒色に着色させる性質がある|b.グルタラールに比べて揮発性が低い|c.芽胞に対する殺菌効果が非常に速い|d.粘膜刺激性が全くない|e.中水準消毒薬である,a&b,フタラールは揮発性が低く刺激臭が少ないですが、タンパク着色性があります。芽胞への効力はグルタラールや過酢酸より劣ります（遅い）。
内視鏡洗浄時の「ベッドサイド洗浄（プレクリーニング）」について正しい記述はどれか。2つ選べ。,管理,a.検査終了直後に行う必要がある|b.酵素洗剤液を吸引し管路内を洗浄する|c.乾燥させてから行う|d.外表面の清拭は不要である|e.水だけで行う,a&b,汚染物の乾燥固着を防ぐため、検査直後に酵素洗剤を用いて管路吸引・送気送水・表面清拭を行うことが必須です。
医療安全管理「タイムアウト」の実施について正しい記述はどれか。2つ選べ。,管理,a.処置開始直前にチーム全員で手を止めて行う|b.患者ID、氏名、術式、部位等を声出し確認する|c.医師のみが心の中で確認すればよい|d.検査終了後の片付け時に行う|e.緊急時は省略してよい,a&b,患者誤認や部位誤認、術式間違いを防ぐため、処置直前に全員で情報を共有・確認するプロセスです。
内視鏡検査における感染管理（ゾーニング）について正しい記述はどれか。2つ選べ。,管理,a.洗浄室は汚染区域とみなす|b.個人防護具（PPE）は汚染区域内で脱いでから退出する|c.清潔区域と汚染区域の動線は交差してよい|d.使用済みスコープはそのまま保管庫に戻す|e.検査室の床は清潔区域である,a&b,洗浄室は汚染区域（レッドゾーン）です。PPEは汚染を拡散させないよう、区域内で脱衣・廃棄します。動線分離が重要です。
針刺し事故発生時の対応について正しい記述はどれか。2つ選べ。,管理,a.直ちに流水と石鹸で十分に洗浄する|b.血液を無理に絞り出さずに洗浄する|c.消毒用エタノールに30分浸漬する|d.当事者間で解決し報告はしない|e.デクスメデトミジンを服用する,a&b,初期対応は流水と石鹸による十分な洗浄です。組織損傷を防ぐため無理な絞り出しや強力な消毒薬浸漬は推奨されません。必ず上司・責任者に報告します。
胃内視鏡検査の前処置薬の使用目的について正しい記述はどれか。2つ選べ。,処置,a.プロナーゼ（タンパク分解酵素）は粘液を溶解し視認性を高める|b.ジメチコン（消泡剤）は泡を除去する|c.重曹（炭酸水素ナトリウム）は粘液溶解を補助する|d.キシロカインビスカスは胃の蠕動を止める|e.すべての患者に鎮静薬を使用する,a&b,プロナーゼ、ジメチコン、重曹などを混和した液を服用し、胃内の粘液や泡を除去して微細病変の発見率を高めます。キシロカインは咽頭麻酔です。
消化管アミロイドーシスの内視鏡所見はどれか。2つ選べ。,臨床,a.微細顆粒状粘膜|b.易出血性（紫斑形成）|c.敷石像|d.多発性潰瘍|e.黒色メラノーシス,a&b,アミロイド蛋白沈着により粘膜が脆くなり、微細顆粒状変化や、接触による出血・紫斑が見られるのが特徴です。
胆石症の種類と特徴について正しい記述はどれか。2つ選べ。,臨床,a.コレステロール結石が最も頻度が高い|b.黒色石は溶血性貧血などで見られる|c.ビリルビンカルシウム石は胆管内にはできない|d.脂肪酸カルシウム石が最も多い|e.胆石はすべてレントゲンで写る,a&b,食生活の変化によりコレステロール石が最多です。黒色石はビリルビン過剰（溶血等）で生じます。X線陽性なのは石灰化を含む一部の結石のみです。
大腸内視鏡検査の前処置（洗腸）について正しい記述はどれか。2つ選べ。,処置,a.排泄液が透明になるまで洗腸剤を服用する|b.腸閉塞の疑いがある患者には禁忌である|c.前日は高脂肪・高繊維食を摂取する|d.脱水を防ぐため水分摂取を制限する|e.腹痛が出現しても全量飲みきる,a&b,観察可能な状態（透明排液）まで洗浄します。閉塞疑いでは穿孔リスクがあるため禁忌。前日は低残渣食とし、異常時は中止します。
内視鏡的異物除去術において緊急性が高いものはどれか。2つ選べ。,処置,a.ボタン型電池（食道内）|b.鋭利な異物（PTPシート、針など）|c.小さなビー玉（胃内）|d.パチンコ玉（胃内）|e.果物の種,a&b,ボタン電池は放電による穿孔、鋭利物は穿通のリスクが高いため、緊急内視鏡の絶対適応です。丸く小さなものは自然排出を待つこともあります。
機能性ディスペプシア（FD）について正しい記述はどれか。2つ選べ。,臨床,a.内視鏡検査で器質的異常を認めない|b.胃もたれや早期満腹感などの症状がある|c.胃癌が原因である|d.必ず外科手術が必要である|e.ピロリ菌感染が必須である,a&b,FDは症状があるにも関わらず、潰瘍や癌などの器質的異常が見つからない疾患群です。薬物療法などが選択されます。
内視鏡室の電気安全について正しい記述はどれか。2つ選べ。,管理,a.医用電気機器は3Pプラグ（接地極付き）を使用する|b.漏れ電流によるミクロショック対策を行う|c.アースは接続しなくてよい|d.タコ足配線を推奨する|e.機器の点検は故障してから行う,a&b,患者に直接触れる機器が多いため、漏れ電流による電撃（ミクロショック等）を防ぐための接地（アース）と定期点検が必須です。
インフォームド・コンセント（IC）について正しい記述はどれか。2つ選べ。,管理,a.患者が説明を理解し、自由意志で同意すること|b.同意はいつでも撤回可能である|c.医療者が治療方針を独断で決定すること|d.家族への説明だけで十分である|e.同意書にサインしたら法的拘束力がある,a&b,ICは患者の自己決定権を保障するプロセスであり、十分な説明と理解に基づく同意、および撤回の自由が基本です。
脂肪肝の超音波所見について正しい記述はどれか。2つ選べ。,臨床,a.肝腎コントラストが増強する（肝が白く見える）|b.深部減衰が見られる|c.肝表面が凹凸不整になる|d.門脈が拡張する|e.腹水が貯留する,a&b,脂肪沈着によりエコーレベルが上昇して腎皮質より白く見え（ブライトレバー）、超音波の減衰により深部が暗くなります。c,d,eは肝硬変の所見です。
内視鏡的粘膜切除術（EMR）の手技について正しい記述はどれか。2つ選べ。,処置,a.粘膜下層に生理食塩水等を局注し病変を挙上させる|b.スネアで病変を絞扼し高周波通電で切除する|c.局注せずにそのまま切除する|d.通電せずに引きちぎる|e.病変の表面だけを焼灼する,a&b,EMRは局注による挙上（リフティング）を作り、安全にスネアリングして切除する手技です。局注により穿孔リスクを低減します。
内視鏡的逆行性胆管膵管造影（ERCP）の偶発症について正しい記述はどれか。2つ選べ。,処置,a.急性膵炎が最も頻度が高い|b.高アミラーゼ血症は必ずしも膵炎ではない|c.胆管炎は予防的抗菌薬で完全に防げる|d.出血は術後1週間以上経過してから起こることはない|e.穿孔は起こり得ない,a&b,ERCP後膵炎は最も重要な偶発症。一過性のアミラーゼ上昇のみで腹痛がない場合は膵炎と診断されません。遅発性出血や穿孔も起こり得ます。
胃癌検診ガイドラインで推奨される検査法はどれか。2つ選べ。,臨床,a.胃部X線検査（バリウム）|b.胃内視鏡検査|c.腫瘍マーカー検査|d.ペプシノゲン法単独|e.腹部超音波検査,a&b,対策型検診として死亡率減少効果が示されているのは、胃部X線検査と胃内視鏡検査です。
食道静脈瘤硬化療法（EIS）で使用される硬化剤はどれか。2つ選べ。,処置,a.エタノールアミンオレート（EO）|b.ポリドカスクレロール（Aethoxysklerol）|c.生理食塩水|d.インジゴカルミン|e.ヒアルロン酸ナトリウム,a&b,EISでは血管内皮障害作用を持つEOや、界面活性作用を持つポリドカスクレロールを注入し、血栓形成・線維化により静脈瘤を消失させます。
MRI検査における内視鏡関連の禁忌について正しい記述はどれか。2つ選べ。,管理,a.磁性体を含むクリップが体内に残存している場合|b.カプセル内視鏡が体内に滞留している場合|c.チタン製クリップ（非磁性体）の場合|d.プラスチックステントの場合|e.生検を行った直後,a&b,磁性体（鉄など）は磁場に引き寄せられたり発熱したりするため危険です。カプセル内視鏡も電子機器・電池を含むため絶対禁忌です。
胃内視鏡検査の咽頭麻酔について正しい記述はどれか。2つ選べ。,処置,a.咽頭反射（嘔吐反射）を抑制する目的で行う|b.リドカイン中毒（ショック等）に注意する|c.検査後すぐに飲食が可能である|d.全身麻酔薬を使用する|e.意識を消失させる,a&b,咽頭の知覚を麻痺させて苦痛と反射を和らげますが、リドカインの吸収による全身毒性（ショック・中毒）のリスク管理が必要です。検査後は誤嚥防止のため麻酔が切れるまで飲食禁止です。
食道癌のリスクファクターとして重要なものはどれか。2つ選べ。,臨床,a.喫煙|b.過度のアルコール摂取|c.高脂血症|d.ヘリコバクター・ピロリ感染|e.高尿酸血症,a&b,食道扁平上皮癌の主要なリスク因子は喫煙と飲酒です。特にアルコール代謝酵素（ALDH2）活性が低い人での飲酒はリスクを高めます。
大腸ポリープの内視鏡治療適応となる病変の特徴はどれか。2つ選べ。,臨床,a.径6mm以上の腺腫|b.癌との鑑別が困難な病変|c.5mm以下の微小な過形成性ポリープ|d.直腸の完全な良性ポリープ|e.炎症性ポリープ,a&b,ガイドラインでは原則として6mm以上の腺腫や、サイズに関わらず癌が否定できない病変、有茎性病変などが治療適応とされています。
内視鏡的止血術のうち「熱凝固法」に分類されるものはどれか。2つ選べ。,処置,a.高周波凝固法（止血鉗子）|b.アルゴンプラズマ凝固法（APC）|c.クリップ法|d.局注法|e.結紮法,a&b,電気エネルギーやプラズマを用いて熱で組織を凝固させる方法です。クリップや結紮は機械的、局注は薬剤的止血法です。